Function,Best,Worst,Mean,Std Dev
Sphere,1.2382580994257596e-11,3.294639976146735e-07,1.4044072575876457e-08,5.949469145916944e-08
Rastrigin,8.954633337159748,50.74262845210092,31.473834054094194,10.309381776829422
Rosenbrock,0.16347150001832528,907.286715595523,45.10246482521989,162.2466676703893
